<?xml version="1.0"?>
<methodResponse>
  <params>
    <param>
      <value>
        <struct>
  <member><name>dateCreated</name><value><dateTime.iso8601>20070709T17:20:28</dateTime.iso8601></value></member>
  <member><name>userid</name><value><string>1410721</string></value></member>
  <member><name>page_id</name><value><int>2</int></value></member>
  <member><name>page_status</name><value><string>publish</string></value></member>
  <member><name>description</name><value><string>Occasional and infrequent comments on what I am working on and some of the reasons why. The hope is to keep some people informed about some of the things that are possible in statistical computing, etc. that others are not thinking about.</string></value></member>
  <member><name>title</name><value><string>About</string></value></member>
  <member><name>link</name><value><string>http://omegahat.wordpress.com/about/</string></value></member>
  <member><name>permaLink</name><value><string>http://omegahat.wordpress.com/about/</string></value></member>
  <member><name>categories</name><value><array><data>
  <value><string>Uncategorized</string></value>
</data></array></value></member>
  <member><name>excerpt</name><value><string></string></value></member>
  <member><name>text_more</name><value><string></string></value></member>
  <member><name>mt_allow_comments</name><value><int>1</int></value></member>
  <member><name>mt_allow_pings</name><value><int>1</int></value></member>
  <member><name>wp_slug</name><value><string>about</string></value></member>
  <member><name>wp_password</name><value><string></string></value></member>
  <member><name>wp_author</name><value><string>omegahat</string></value></member>
  <member><name>wp_page_parent_id</name><value><int>0</int></value></member>
  <member><name>wp_page_parent_title</name><value><string></string></value></member>
  <member><name>wp_page_order</name><value><int>0</int></value></member>
  <member><name>wp_author_id</name><value><string>1410721</string></value></member>
  <member><name>wp_author_display_name</name><value><string>omegahat</string></value></member>
  <member><name>date_created_gmt</name><value><dateTime.iso8601>20070709T17:20:28</dateTime.iso8601></value></member>
  <member><name>custom_fields</name><value><array><data>
  <value><struct>
  <member><name>id</name><value><string>28</string></value></member>
  <member><name>key</name><value><string>_edit_last</string></value></member>
  <member><name>value</name><value><string>1410721</string></value></member>
</struct></value>
  <value><struct>
  <member><name>id</name><value><string>27</string></value></member>
  <member><name>key</name><value><string>_edit_lock</string></value></member>
  <member><name>value</name><value><string>1268428375</string></value></member>
</struct></value>
</data></array></value></member>
  <member><name>wp_page_template</name><value><string>default</string></value></member>
</struct>
      </value>
    </param>
  </params>
</methodResponse>
