<?xml version="1.0" encoding="utf-8"?>
<?xml-stylesheet type="text/xsl" href="/Users/duncan/Classes/StatComputing/XDynDocs/inst/XSL/OmegahatXSL/Todo.xsl" ?>

<topics xmlns:r='http://www.r-project.org'>

<topic>
<title>General</title>
<items>
<item>
Move to OAuth rather than passwords.
<br/>
At least moved to https.
</item>

<item>
uploadFile() and types. 
Why is the XML coming back on the  console and not part of the form.
<br/>
Works properly on jasper.
</item>


<item status="done">
getPage puts the result in a strange form. Fix in 
convertToR() in XML-RPC.
<br/>
See Rwordpress/getPage.xml for the content being returned
<br/>
Have convertToR for XMLInternalDocument not use xpathSApply,
but xpathApply on the //param/value nodes.
</item>

<item status="done">
Fix makeIntoDataFrame.
Causing problems in 

<r:code>
 page = newPage(list(description = "This is some text that I posted from R", title = "Test from R"))
 tmp = getPages()  
</r:code>
<br/>
Some of the elements returned are not scalars and some
of the entries have nothing.
</item>

<item status="wish">
No method to set the tags on a post? Apparently not.
</item>
</items>
</topic>
</topics>